Quick_Asset_Turnover_Rate,Revenue_per_person
"(-0.001, 0.000142]",0.029889930364881943
"(0.000142, 0.000225]",0.024797979247600264
"(0.000225, 4900000000.0]",9302052.82468975
"(4900000000.0, 10000000000.0]",0.048684376478061606
